user_id,First Name,Last Name
1,Abraham,Stewart
2,Rebecca,West
3,Deanna,Thomas
4,Sienna,Elliott
5,Steven,Wright
6,Walter,Davis
7,Spike,Rogers
8,Connie,Chapman
9,Myra,Hill
10,Vincent,Spencer
11,Freddie,Howard
12,Adele,Barrett
13,Amelia,Carter
14,Abigail,Warren
15,Jack,Robinson
16,Agata,Harper
17,David,Myers
18,Naomi,West
19,Aiden,Thomas
20,Antony,Elliott
21,Patrick,Bailey
22,Darcy,Turner
23,Brianna,Harris
24,Carlos,Wright
25,Jasmine,Alexander
26,Haris,Henderson
27,Natalie,Walker
28,Briony,Hawkins
29,Cadie,Mason
30,Lily,Fowler
31,Aston,Montgomery
32,Maximilian,Perkins
33,Madaline,Grant
34,Owen,Williams
35,Connie,Kelly
36,Emily,Crawford
37,Thomas,Riley
38,Briony,Craig
39,Rosie,Andrews
40,April,Montgomery
41,Tess,Johnston
42,Darcy,Morrison
43,Ryan,Hill
44,Emma,Phillips
45,Lucia,Thompson
46,Stuart,Watson
47,Anna,Johnston
48,Florrie,Stewart
49,Kelsey,Carroll
50,Tess,Russell
51,Jordan,Fowler
52,James,Anderson
53,Alan,Walker
54,Stella,Barnes
55,Alisa,Wright
56,Ellia,Stevens
57,Alissa,Fowler
58,Byron,Craig
59,Annabella,Cole
60,Maximilian,Mason
61,Rafael,Alexander
62,Eddy,Mason
63,Samantha,Reed
64,Antony,Cole
65,Lyndon,Armstrong
66,Arthur,Martin
67,Jack,Warren
68,Adelaide,Stewart
69,Albert,Fowler
70,Miley,Riley
71,Kate,Farrell
72,Preston,Barnes
73,Kate,Rogers
74,Myra,Nelson
75,Chelsea,Spencer
76,Lilianna,Bennett
77,Maddie,Martin
78,Amelia,Adams
79,Alissa,Miller
80,Dominik,Robinson
81,Aida,Cameron
82,Samantha,Baker
83,Preston,Barrett
84,Frederick,Rogers
85,Sabrina,Lloyd
86,Charlotte,Higgins
87,Cherry,Turner
88,Darcy,Cooper
89,Maddie,Thomas
90,Rafael,Kelly
91,Alisa,Ellis
92,Amber,Barrett
93,Deanna,Perry
94,Paul,Robinson
95,Daryl,Cooper
96,Jasmine,Casey
97,Kelvin,Perkins
98,Agata,Richardson
99,Elian,Brooks
100,Edwin,Crawford
101,Valeria,Rogers
102,Brooke,Bennett
103,Kevin,Carter
104,Penelope,Armstrong
105,Paul,Cooper
106,Kimberly,Ryan
107,Julia,Roberts
108,Darcy,West
109,Kevin,Robinson
110,Alina,Farrell
111,Tess,Sullivan
112,Edward,Wells
113,Carl,Allen
114,Jasmine,Higgins
115,Henry,Williams
116,Caroline,Kelley
117,Joyce,Russell
118,Byron,Foster
119,Kirsten,Smith
120,Albert,Payne
121,Isabella,Walker
122,Owen,Lloyd
123,Paul,Allen
124,Tess,Bennett
125,Reid,Warren
126,Tyler,Wright
127,Alford,Turner
128,Lyndon,Lloyd
129,Edgar,Hunt
130,Oliver,Williams
131,Eleanor,Henderson
132,Jacob,Mason
133,Natalie,Cunningham
134,Briony,Martin
135,Lucas,Foster
136,Daryl,Higgins
137,Alen,Stewart
138,Caroline,Crawford
139,Adele,Perkins
140,Kimberly,Baker
141,Vincent,Martin
142,Max,Ferguson
143,Aston,Harrison
144,Kimberly,Richardson
145,Clark,Higgins
146,Miller,Montgomery
147,Penelope,Gray
148,Daisy,Hawkins
149,Arnold,Roberts
150,Melissa,Parker
151,Alissa,Alexander
152,Myra,Parker
153,Eddy,Phillips
154,Emily,Wilson
155,Blake,Scott
156,Byron,Myers
157,Charlotte,Baker
158,Spike,Brooks
159,Max,Craig
160,John,Ferguson
161,Anna,Douglas
162,Fiona,Reed
163,Grace,Ellis
164,Daisy,Howard
165,Vanessa,Mitchell
166,Nicole,Douglas
167,Olivia,Thomas
168,Clark,Foster
169,Alissa,Clark
170,Amanda,Henderson
171,Natalie,Carter
172,Ryan,Anderson
173,Emma,Hamilton
174,Clark,Walker
175,Eleanor,Mason
176,Stella,Cameron
177,Dainton,Anderson
178,Isabella,Ferguson
179,Carina,Morrison
180,Maya,Roberts
181,Agata,Wells
182,Marcus,Lloyd
183,Brianna,Higgins
184,Jack,Williams
185,Oscar,Hall
186,Agata,Barnes
187,Aldus,Gray
188,Lana,Walker
189,Alina,Stewart
190,Wilson,Thompson
191,Roman,Phillips
192,Mike,Myers
193,Julian,Cole
194,Arianna,Bailey
195,Brad,Fowler
196,Leonardo,Evans
197,Luke,Adams
198,Tyler,Myers
199,Frederick,Phillips
200,Adam,Turner
201,Walter,Douglas
202,Kevin,Tucker
203,Tiana,Baker
204,April,Bennett
205,Sarah,Higgins
206,Tess,Williams
207,Aldus,Douglas
208,Paul,Higgins
209,Cadie,Parker
210,Kelvin,Carroll
211,Ada,Watson
212,Jack,Crawford
213,Chloe,Grant
214,Sofia,Jones
215,Sydney,Smith
216,Agata,Douglas
217,Olivia,Murphy
218,Mike,Myers
219,Lucia,Campbell
220,Adrianna,Davis
221,Thomas,Casey
222,Amber,Kelly
223,Paige,Morgan
224,Connie,Montgomery
225,Adele,Moore
226,Kelsey,Evans
227,Lucia,Rogers
228,Emma,Wright
229,Patrick,Smith
230,Daisy,Grant
231,Valeria,Cole
232,Luke,Moore
233,Aldus,Montgomery
234,Ryan,Rogers
235,Roland,Taylor
236,Alina,Morgan
237,Lilianna,Jones
238,Michelle,Ferguson
239,Alan,Riley
240,Nicholas,Carter
241,Dainton,Foster
242,Victoria,Holmes
243,Luke,Turner
244,Aiden,Gray
245,Jared,Andrews
246,Albert,Hawkins
247,Dexter,Walker
248,Thomas,Perry
249,Arianna,Stewart
250,Kelvin,Ryan
251,James,Ellis
252,Isabella,Brown
253,Jasmine,Wells
254,Madaline,Tucker
255,Violet,Johnson
256,Rosie,Russell
257,Carlos,Scott
258,Florrie,Ferguson
259,Jenna,Clark
260,Amanda,Wright
261,Byron,Spencer
262,Derek,Crawford
263,Alexander,Russell
264,Isabella,Harper
265,Paige,Johnston
266,Carlos,Payne
267,Alexia,Miller
268,Amy,Williams
269,Richard,Harper
270,Dale,Walker
271,Amy,Reed
272,Frederick,Murphy
273,Chloe,Higgins
274,Jenna,Adams
275,Carlos,Evans
276,Honey,Lloyd
277,Jack,Farrell
278,Steven,Alexander
279,Adrian,Gray
280,Alberta,Alexander
281,Penelope,Watson
282,Alan,Turner
283,Aston,Holmes
284,Nicholas,Crawford
285,Valeria,Williams
286,Charlotte,Higgins
287,Eleanor,Carter
288,Alexia,Mitchell
289,Vivian,Williams
290,Natalie,Wright
291,Kevin,Thomas
292,Byron,Henderson
293,Reid,Rogers
294,Maya,Smith
295,Preston,Holmes
296,Aldus,Murphy
297,Florrie,Armstrong
298,Owen,Campbell
299,Agata,Smith
300,Dainton,Hamilton
301,Freddie,Kelly
302,Eleanor,Perkins
303,Natalie,Gray
304,Frederick,Scott
305,Ashton,Wilson
306,Eleanor,Hawkins
307,Max,Reed
308,Edward,Holmes
309,Deanna,Grant
310,Adelaide,Warren
311,Alexia,Owens
312,Abigail,Turner
313,Jordan,Watson
314,Albert,Perkins
315,Elise,Martin
316,Heather,Casey
317,Justin,Douglas
318,Lana,Wilson
319,Frederick,Lloyd
320,Victor,Warren
321,Emily,Alexander
322,Tiana,Tucker
323,Michelle,Moore
324,Charlotte,Mitchell
325,Chloe,Perkins
326,Kimberly,Carter
327,Preston,Stevens
328,Eric,Jones
329,Kirsten,Craig
330,Clark,Chapman
331,Adison,Elliott
332,John,Higgins
333,Owen,Andrews
334,Kirsten,Sullivan
335,Stella,Richards
336,Paige,West
337,Tiana,Cooper
338,Garry,Hawkins
339,Lenny,Brooks
340,Arthur,Reed
341,Maddie,Parker
342,Evelyn,Casey
343,Natalie,Douglas
344,Fiona,Bailey
345,Kimberly,Craig
346,Dexter,Carter
347,Anna,Riley
348,Emma,Cole
349,William,Morrison
350,Charlie,Reed
351,Tony,Phillips
352,Carina,Casey
353,Paige,Miller
354,Abigail,Myers
355,Kelsey,Hill
356,Thomas,Sullivan
357,Andrew,Stewart
358,April,Parker
359,Audrey,Hamilton
360,Albert,Montgomery
361,Aida,Dixon
362,Lucia,Sullivan
363,Richard,Murphy
364,Melanie,Richardson
365,Richard,Morris
366,Rebecca,Johnston
367,Oliver,Anderson
368,Aston,Gray
369,Kristian,Brown
370,Bruce,Scott
371,Catherine,West
372,Kellan,Robinson
373,Lilianna,Edwards
374,Blake,Hunt
375,Freddie,Wells
376,Sarah,Hunt
377,Michelle,Kelley
378,Stuart,Smith
379,Maria,Bennett
380,Florrie,West
381,Connie,Morrison
382,Maya,Myers
383,Garry,Howard
384,Andrew,Hall
385,Oscar,Lloyd
386,Kate,Crawford
387,Vincent,Rogers
388,Camila,Stewart
389,Henry,Hamilton
390,Albert,Johnston
391,Adison,Wilson
392,Carina,Harper
393,Miranda,Riley
394,Marcus,Harper
395,Brianna,Rogers
396,Mary,Gray
397,Kevin,Sullivan
398,Alford,Tucker
399,Florrie,Riley
400,Oscar,Richardson
401,Mary,Richards
402,Roman,Elliott
403,Alina,Barrett
404,Miley,Harper
405,Samantha,Moore
406,Camila,Owens
407,Carina,Watson
408,Grace,Anderson
409,Frederick,Foster
410,Clark,Turner
411,Kevin,Ferguson
412,Thomas,Baker
413,Max,Bailey
414,Fiona,Harrison
415,Rubie,Tucker
416,Alexander,Elliott
417,Emily,Perkins
418,Cherry,Cole
419,April,Cunningham
420,Aiden,Wilson
421,Abraham,Edwards
422,Carlos,Evans
423,Justin,Allen
424,Nicholas,Robinson
425,Alisa,Johnson
426,Grace,Moore
427,Oliver,Campbell
428,Patrick,Clark
429,Martin,Hamilton
430,Ted,Adams
431,Sam,Harper
432,Rafael,Stevens
433,Kellan,Russell
434,Sofia,Hawkins
435,Marcus,Rogers
436,Ashton,Hawkins
437,Julia,Richardson
438,Eleanor,Cooper
439,Alexia,Perkins
440,Aida,Craig
441,Roman,Ryan
442,Alisa,Murphy
443,Miller,Adams
444,Arthur,Henderson
445,Tyler,Turner
446,Vincent,Perkins
447,Lydia,Parker
448,Miley,West
449,Melanie,Fowler
450,Marcus,Turner
451,Madaline,Craig
452,Haris,Robinson
453,Paige,Kelley
454,Derek,Smith
455,Victor,Payne
456,Charlie,Armstrong
457,Spike,Walker
458,Camila,Scott
459,John,Gray
460,Frederick,Gray
461,Arthur,Richardson
462,Lily,Alexander
463,Kellan,Reed
464,Haris,Rogers
465,Byron,Hill
466,Savana,Murray
467,Briony,Phillips
468,Belinda,Ross
469,Sam,Armstrong
470,Cherry,Henderson
471,Jasmine,Andrews
472,Myra,Andrews
473,Kirsten,Taylor
474,Michelle,Perry
475,Eleanor,Harris
476,Aston,Cooper
477,Miller,Edwards
478,Miranda,Hunt
479,Alfred,Nelson
480,Belinda,Thomas
481,Penelope,Morgan
482,Paul,Sullivan
483,Steven,Morgan
484,Marcus,Brown
485,Amanda,Thomas
486,Florrie,Clark
487,Adele,Miller
488,Lydia,Spencer
489,Richard,Barrett
490,Adele,Rogers
491,Evelyn,Harris
492,Luke,Warren
493,Carlos,Taylor
494,Lily,Tucker
495,Elian,West
496,George,Martin
497,Sarah,Gibson
498,Jacob,Walker
499,Tyler,Taylor
500,Ada,Higgins
501,Sabrina,Edwards
502,Carlos,Johnson
503,Cherry,Riley
504,Steven,Parker
505,Marcus,Evans
506,Isabella,Perry
507,Adrianna,Bailey
508,Antony,Alexander
509,Ada,Alexander
510,Alberta,Spencer
511,George,Jones
512,Ted,Fowler
513,William,Clark
514,Vivian,Smith
515,Tiana,Walker
516,Paul,West
517,Alexander,Harrison
518,Lenny,Lloyd
519,Alfred,Harris
520,Victor,Wilson
521,David,Harper
522,Carlos,Parker
523,Daisy,Thompson
524,Kirsten,Parker
525,Kelsey,Cunningham
526,Robert,Richardson
527,Victoria,Chapman
528,Alexia,Cooper
529,Albert,Hamilton
530,Alford,Ryan
531,Reid,Wells
532,Olivia,Perry
533,Kevin,Davis
534,Isabella,Bailey
535,Melanie,Cole
536,Maximilian,Montgomery
537,Heather,Edwards
538,Justin,Alexander
539,James,Kelly
540,Tiana,Gray
541,Paul,Richards
542,Thomas,Moore
543,Adrianna,Fowler
544,Carlos,Armstrong
545,Joyce,Taylor
546,George,Bailey
547,Daniel,Brown
548,Michael,Thompson
549,Kate,Ryan
550,Emily,Henderson
551,Sofia,Carter
552,Patrick,Cunningham
553,Evelyn,Kelly
554,Rosie,Turner
555,Eric,Anderson
556,Walter,Andrews
557,Lucy,Phillips
558,Edward,Ferguson
559,Edwin,Casey
560,Richard,Roberts
561,Haris,Ross
562,Isabella,Cameron
563,Reid,Gibson
564,Derek,Bennett
565,Vincent,Casey
566,Steven,Russell
567,William,Richards
568,Melissa,Carter
569,Nicole,Tucker
570,Henry,Ross
571,Adam,Higgins
572,Patrick,Andrews
573,Joyce,Richardson
574,Naomi,Lloyd
575,John,Edwards
576,Brianna,Murphy
577,Jordan,Smith
578,Tiana,Owens
579,Alissa,Brown
580,Walter,Farrell
581,Clark,Murray
582,Abraham,Harris
583,Sabrina,Jones
584,Arthur,Nelson
585,Tess,Taylor
586,Lucy,Harrison
587,Tony,Ferguson
588,Sabrina,Kelly
589,Kevin,Johnson
590,Ted,Mason
591,Melanie,Andrews
592,Heather,Andrews
593,Arthur,Miller
594,Olivia,Nelson
595,Mary,Walker
596,Henry,Stewart
597,Roman,Henderson
598,Lily,Murray
599,Sophia,Montgomery
600,Maximilian,Andrews
601,James,West
602,Charlotte,Brown
603,Fiona,Walker
604,Tyler,Grant
605,Aiden,Elliott
606,Valeria,Chapman
